Bigram/Trigram,LLR,OddsRatio,P-Value
"('Person', 'have')",24548.85559,46.12036975,0
"('Person', 'think')",2267.196214,1.450020236,0
"('Person', 'go')",1959.872282,1.550399808,0
"('Person', 'come')",1834.682283,1.761054852,0
"('Person', 'write')",1593.122358,6.223522,0
"('Person', 'see')",1567.032812,1.782854221,0
"('Person', 'tell')",1512.699364,2.447756134,0
"('Person', 'am')",1376.870232,1.577514316,2.11E-301
"('Person', 'be')",1131.096171,1.339519915,5.09E-248
"('Person', 'drive')",1071.708689,4.373259188,3.61E-235
"('Person', 'live')",942.9184651,2.643786074,4.20E-207
"('Person', 'be', 'Person')",904.7690738,1.435752764,8.56E-199
"('Person', 'tell', 'she')",866.6441469,2.530026807,1.65E-190
"('Person', 'tell', 'we')",838.1323404,inf,1.71E-184
"('Person', 'score')",801.3151255,inf,1.73E-176
"('Person', 'tell', 'story')",716.9505676,inf,3.80E-158
"('Person', 'tell', 'myself')",678.6073905,inf,8.28E-150
"('Person', 'use')",627.6753634,2.653467892,1.35E-138
"('Person', 'tell', 'Person')",604.238233,1.979565364,1.86E-133
"('Person', 'weep')",598.8641228,inf,1.82E-132
"('Person', 'imagine')",593.5432901,2.317605081,4.13E-131
"('Person', 'stand')",553.4086349,1.392488104,2.12E-122
"('Person', 'have', 'money')",514.5395127,inf,4.02E-114
"('Person', 'read', 'it')",514.5395127,inf,4.02E-114
"('Person', 'gather')",506.8748286,inf,1.87E-112
"('Person', 'believe')",492.8063238,1.777730337,3.41E-109
"('Person', 'smoke')",488.4805128,inf,1.88E-108
"('Person', 'have', 'sense')",486.9477144,inf,4.05E-108
"('Person', 'light', 'cigarette')",482.3493773,inf,4.06E-107
"('Person', 'marry')",477.7511291,inf,4.06E-106
"('Person', 'tell', 'he')",474.2504709,1.692921496,3.43E-105
"('Person', 'are')",463.2061228,1.591746549,8.83E-103
"('Person', 'lead')",450.1636029,inf,4.10E-100
"('Person', 'ask', 'she')",444.0890072,3.010619681,1.20E-98
"('Person', 'listen')",428.9223754,2.005918883,2.33E-95
"('Person', 'ask', 'Person')",425.1136268,2.010479836,1.63E-94
"('Person', 'sit')",409.0618475,1.303920556,5.34E-91
"('Person', 'know', 'nothing')",408.7893424,inf,4.14E-91
"('Person', 'remember')",404.092214,1.555422537,6.95E-90
"('Person', 'cross')",402.6606252,inf,8.94E-90
"('Person', 'suffer')",401.1284808,inf,1.93E-89
"('Person', 'wonder')",398.3727572,1.461829978,1.21E-88
"('Person', 'sign')",393.4679739,inf,8.96E-88
"('Person', 'ask', 'he')",384.5988719,2.205097064,9.90E-86
"('Person', 'die')",380.9896563,1.956537569,5.89E-85
"('Person', 'park')",376.6161759,inf,4.18E-84
"('Person', 'wear', 'dress')",362.8297798,inf,4.19E-81
"('Person', 'have', 'face')",362.8297798,inf,4.19E-81
"('Person', 'say', 'thing')",362.8297798,inf,4.19E-81
"('Person', 'teach')",362.8297798,inf,4.19E-81
"('Person', 'long')",359.7663227,inf,1.95E-80
"('Person', 'imagine', 'Person')",358.2346205,inf,4.20E-80
"('Person', 'exist')",356.7029359,inf,9.05E-80
"('Person', 'read')",349.3637341,2.502241743,4.65E-78
"('Person', 'report')",345.981653,inf,1.96E-77
"('Person', 'reckon')",345.981653,inf,1.96E-77
"('Person', 'know', 'anything')",339.8556194,inf,4.22E-76
"('Person', 'be', 'ashamed')",336.7927198,inf,1.96E-75
"('Person', 'wear', 'suit')",335.2613,inf,4.23E-75
"('Person', 'call', 'it')",332.1985209,inf,1.96E-74
"('Person', 'refer')",324.5419362,inf,9.13E-73
"('Person', 'put', 'finger')",318.4170545,inf,1.97E-71
"('Person', 'write', 'letter')",316.8858894,inf,4.25E-71
"('Person', 'talk')",312.9132901,1.505018771,4.55E-70
"('Person', 'turn', 'it')",309.2304062,inf,1.98E-69
"('Person', 'is', 'Person')",308.2475748,1.880931896,4.14E-69
"('Person', 'return')",305.9091533,1.805305836,1.31E-68
"('Person', 'squat')",303.106444,inf,4.26E-68
"('Person', 'say', 'that')",303.106444,inf,4.26E-68
"('Person', 'march')",301.5755144,inf,9.19E-68
"('Person', 'speak')",300.0960074,1.475234347,3.09E-67
"('Person', 'work')",298.4380862,1.72772676,6.77E-67
"('Person', 'have', 'Person')",297.4830974,1.521259729,9.98E-67
"('Person', 'have', 'memory')",295.4520466,inf,1.98E-66
"('Person', 'marry', 'Person')",295.4520466,inf,1.98E-66
"('Person', 'save')",293.9212437,inf,4.28E-66
"('Person', 'buy')",290.8597165,inf,1.99E-65
"('Person', 'be', 'people')",289.3289927,inf,4.28E-65
"('Person', 'take', 'arm')",287.7982959,inf,9.23E-65
"('Person', 'put', 'head')",287.7982959,inf,9.23E-65
"('Person', 'walk')",286.482544,1.31547796,2.67E-64
"('Person', 'picture')",286.2676263,inf,1.99E-64
"('Person', 'turn', 'light')",281.6757837,inf,1.99E-63
"('Person', 'visit')",281.6757837,inf,1.99E-63
"('Person', 'meet', 'he')",278.6146968,inf,9.25E-63
"('Person', 'swim')",278.6146968,inf,9.25E-63
"('Person', 'wear', 'shirt')",277.0841968,inf,1.99E-62
"('Person', 'know', 'she')",272.4928737,inf,2.00E-61
"('Person', 'appear')",271.0486187,1.984370961,5.54E-61
"('Person', 'arrange')",270.9624928,inf,4.30E-61
"('Person', 'see', 'that')",269.4321426,inf,9.27E-61
"('Person', 'keep', 'it')",267.9018234,inf,2.00E-60
"('Person', 'be', 'furious')",267.9018234,inf,2.00E-60
"('Person', 'read', 'book')",266.3715354,inf,4.31E-60
"('Person', 'tell', 'you')",266.1956766,1.800669872,6.45E-60
"('Person', 'hear', 'he')",263.311055,inf,2.00E-59
"('Person', 'recognize', 'Person')",261.7808632,inf,4.31E-59
"('Person', 'see', 'Person')",260.4599485,1.720274701,1.18E-58
"('Person', 'pass', 'Person')",260.2507041,inf,9.30E-59
"('Person', 'look', 'window')",257.1904859,inf,4.32E-58
"('Person', 'have', 'job')",257.1904859,inf,4.32E-58
"('Person', 'invite')",255.6604275,inf,9.31E-58
"('Person', 'study')",255.6604275,inf,9.31E-58
"('Person', 'call', 'she')",255.6604275,inf,9.31E-58
"('Person', 'vanish')",254.1304034,inf,2.01E-57
"('Person', 'retreat')",252.600414,inf,4.32E-57
"('Person', 'see', 'something')",251.0704598,inf,9.32E-57
"('Person', 'turn', 'back')",249.5405411,inf,2.01E-56
"('Person', 'find', 'she')",249.5405411,inf,2.01E-56
"('Person', 'be', 'full')",249.5405411,inf,2.01E-56
"('Person', 'venture')",246.4808122,inf,9.33E-56
"('Person', 'ride')",245.365268,3.804940142,1.83E-55
"('Person', 'stroll')",244.9510028,inf,2.01E-55
"('Person', 'sweat')",244.9510028,inf,2.01E-55
"('Person', 'make', 'effort')",243.4212307,inf,4.33E-55
"('Person', 'serve')",243.4212307,inf,4.33E-55
"('Person', 'thank', 'he')",243.4212307,inf,4.33E-55
"('Person', 'reflect')",241.8914964,inf,9.34E-55
"('Person', 'raise', 'glass')",241.8914964,inf,9.34E-55
"('Person', 'put', 'they')",240.3618004,inf,2.01E-54
"('Person', 'object')",240.3618004,inf,2.01E-54
"('Person', 'be', 'delighted')",240.3618004,inf,2.01E-54
"('Person', 'arrive')",238.5740839,1.866344059,7.07E-54
"('Person', 'ring')",237.302525,inf,9.35E-54
"('Person', 'call', 'Person')",237.2842289,2.493755036,1.44E-53
"('Person', 'hear')",236.8672667,1.339958777,1.70E-53
"('Person', 'escape')",234.2434084,inf,4.35E-53
"('Person', 'am', 'one')",234.2434084,inf,4.35E-53
"('Person', 'be', 'eager')",234.2434084,inf,4.35E-53
"('Person', 'have', 'life')",234.2434084,inf,4.35E-53
"('Person', 'want', 'she')",232.7139109,inf,9.37E-53
"('Person', 'invite', 'Person')",232.7139109,inf,9.37E-53
"('Person', 'be', 'frightened')",231.1844547,inf,2.02E-52
"('Person', 'understand', 'it')",231.1844547,inf,2.02E-52
"('Person', 'be', 'short')",231.1844547,inf,2.02E-52
"('Person', 'have', 'thought')",231.1844547,inf,2.02E-52
"('Person', 'wail')",229.6550403,inf,4.35E-52
"('Person', 'have', 'kind')",228.1256682,inf,9.38E-52
"('Person', 'know', 'thing')",228.1256682,inf,9.38E-52
"('Person', 'check', 'watch')",228.1256682,inf,9.38E-52
"('Person', 'say', 'this')",226.596339,inf,2.02E-51
"('Person', 'float')",226.596339,inf,2.02E-51
"('Person', 'play', 'game')",226.596339,inf,2.02E-51
"('Person', 'burn')",226.596339,inf,2.02E-51
"('Person', 'see', 'thing')",226.596339,inf,2.02E-51
"('Person', 'become', 'aware')",226.596339,inf,2.02E-51
"('Person', 'take', 'glass')",225.0670532,inf,4.36E-51
"('Person', 'lower', 'voice')",225.0670532,inf,4.36E-51
"('Person', 'keep', 'Person')",223.5378115,inf,9.39E-51
"('Person', 'watch', 'they')",223.5378115,inf,9.39E-51
"('Person', 'hit')",222.0086143,inf,2.02E-50
"('Person', 'pull', 'chair')",222.0086143,inf,2.02E-50
"('Person', 'play', 'Person')",222.0086143,inf,2.02E-50
"('Person', 'succeed')",220.4794625,inf,4.36E-50
"('Person', 'call')",219.6571913,1.345808903,9.42E-50
"('Person', 'have', 'interest')",218.9503564,inf,9.40E-50
"('Person', 'see', 'she')",218.3683152,2.945390957,1.46E-49
"('Person', 'open', 'window')",217.4212968,inf,2.03E-49
"('Person', 'flee')",217.4212968,inf,2.03E-49
"('Person', 'ask', 'they')",217.4212968,inf,2.03E-49
"('Person', 'describe')",215.8922843,inf,4.37E-49
"('Person', 'blow')",214.3633196,inf,9.41E-49
"('Person', 'be', 'amazed')",214.3633196,inf,9.41E-49
"('Person', 'have', 'dream')",214.3633196,inf,9.41E-49
"('Person', 'get', 'job')",212.8344032,inf,2.03E-48
"('Person', 'spring')",211.305536,inf,4.37E-48
"('Person', 'change', 'mind')",208.2479517,inf,2.03E-47
"('Person', 'persist')",208.2479517,inf,2.03E-47
"('Person', 'race')",208.2479517,inf,2.03E-47
"('Person', 'be', 'twenty')",206.719236,inf,4.38E-47
"('Person', 'mention', 'Person')",206.719236,inf,4.38E-47
"('Person', 'have', 'voice')",206.719236,inf,4.38E-47
"('Person', 'pick', 'phone')",206.719236,inf,4.38E-47
"('Person', 'volunteer')",206.719236,inf,4.38E-47
"('Person', 'show', 'you')",205.1905722,inf,9.44E-47
"('Person', 'say', 'Person')",205.1905722,inf,9.44E-47
"('Person', 'have', 'word')",205.1905722,inf,9.44E-47
"('Person', 'appreciate')",205.1905722,inf,9.44E-47
"('Person', 'leave', 'she')",205.1905722,inf,9.44E-47
"('Person', 'be', 'fond')",203.6619612,inf,2.03E-46
"('Person', 'answer', 'question')",203.6619612,inf,2.03E-46
"('Person', 'tell', 'truth')",203.6619612,inf,2.03E-46
"('Person', 'buy', 'it')",202.1334037,inf,4.38E-46
"('Person', 'live', 'life')",202.1334037,inf,4.38E-46
"('Person', 'pour', 'glass')",202.1334037,inf,4.38E-46
"('Person', 'turn', 'page')",202.1334037,inf,4.38E-46
"('Person', 'read', 'Person')",202.1334037,inf,4.38E-46
"('Person', 'hear', 'footstep')",200.6049005,inf,9.45E-46
"('Person', 'open', 'drawer')",200.6049005,inf,9.45E-46
"('Person', 'be', 'name')",200.6049005,inf,9.45E-46
"('Person', 'have', 'conversation')",199.0764524,inf,2.04E-45
"('Person', 'make', 'gesture')",199.0764524,inf,2.04E-45
"('Person', 'behave')",199.0764524,inf,2.04E-45
"('Person', 'have', 'name')",199.0764524,inf,2.04E-45
"('Person', 'be', 'conscious')",199.0764524,inf,2.04E-45
"('Person', 'take', 'picture')",199.0764524,inf,2.04E-45
"('Person', 'be', 'handsome')",199.0764524,inf,2.04E-45
"('Person', 'raise', 'arm')",197.5480602,inf,4.39E-45
"('Person', 'speak', 'Person')",197.5480602,inf,4.39E-45
"('Person', 'quit')",197.5480602,inf,4.39E-45
"('Person', 'be', 'thin')",197.5480602,inf,4.39E-45
"('Person', 'cook')",197.5480602,inf,4.39E-45
"('Person', 'wait')",196.3987268,1.337333296,1.21E-44
"('Person', 'have', 'question')",196.0197248,inf,9.46E-45
"('Person', 'confide')",196.0197248,inf,9.46E-45
"('Person', 'put', 'phone')",196.0197248,inf,9.46E-45
"('Person', 'hand')",196.0197248,inf,9.46E-45
"('Person', 'see', 'it')",195.6402439,1.964272845,1.44E-44
"('Person', 'see', 'one')",194.4914471,inf,2.04E-44
"('Person', 'be', 'way')",194.4914471,inf,2.04E-44
"('Person', 'tell', 'they')",194.4641907,2.143291137,2.52E-44
"('Person', 'be', 'big')",192.9632278,inf,4.40E-44
"('Person', 'have', 'intention')",192.9632278,inf,4.40E-44
"('Person', 'wash')",191.435068,inf,9.47E-44
"('Person', 'resolve')",191.435068,inf,9.47E-44
"('Person', 'prove')",189.9069685,inf,2.04E-43
"('Person', 'marvel')",189.9069685,inf,2.04E-43
"('Person', 'have', 'answer')",189.9069685,inf,2.04E-43
"('Person', 'recognize', 'he')",189.9069685,inf,2.04E-43
"('Person', 'do', 'Person')",189.9069685,inf,2.04E-43
"('Person', 'see', 'he')",189.1305945,2.130026509,3.60E-43
"('Person', 'rummage')",188.3789304,inf,4.40E-43
"('Person', 'hire', 'Person')",188.3789304,inf,4.40E-43
"('Person', 'get', 'he')",188.3789304,inf,4.40E-43
"('Person', 'remember', 'it')",188.3789304,inf,4.40E-43
"('Person', 'leave', 'house')",186.8509545,inf,9.49E-43
"('Person', 'disagree')",186.8509545,inf,9.49E-43
"('Person', 'make', 'point')",186.8509545,inf,9.49E-43
"('Person', 'do', 'everything')",186.8509545,inf,9.49E-43
"('Person', 'shrink')",186.8509545,inf,9.49E-43
"('Person', 'think', 'it')",186.8509545,inf,9.49E-43
"('Person', 'be', 'calm')",186.8509545,inf,9.49E-43
"('Person', 'rise')",186.3504848,1.915450342,1.72E-42
"('Person', 'know', 'everything')",185.3230418,inf,2.04E-42
"('Person', 'text')",183.7951935,inf,4.41E-42
"('Person', 'advise')",183.7951935,inf,4.41E-42
"('Person', 'remind', 'she')",183.7951935,inf,4.41E-42
"('Person', 'bow', 'head')",183.7951935,inf,4.41E-42
"('Person', 'call', 'name')",182.2674105,inf,9.50E-42
"('Person', 'be', 'crazy')",182.2674105,inf,9.50E-42
"('Person', 'like', 'idea')",182.2674105,inf,9.50E-42
"('Person', 'whistle')",182.2674105,inf,9.50E-42
"('Person', 'be', 'younger')",182.2674105,inf,9.50E-42
"('Person', 'sip')",182.2674105,inf,9.50E-42
"('Person', 'skip')",182.2674105,inf,9.50E-42
"('Person', 'propose')",180.7396939,inf,2.05E-41
"('Person', 'help', 'she')",180.7396939,inf,2.05E-41
"('Person', 'like')",180.0089674,1.386587162,4.62E-41
"('Person', 'sleep')",179.6108157,1.601533063,4.89E-41
"('Person', 'tell', 'thing')",179.2120447,inf,4.41E-41
"('Person', 'join', 'Person')",179.2120447,inf,4.41E-41
"('Person', 'like', 'way')",179.2120447,inf,4.41E-41
"('Person', 'leave', 'they')",179.2120447,inf,4.41E-41
"('Person', 'hear', 'you')",179.2120447,inf,4.41E-41
"('Person', 'know', 'much')",179.2120447,inf,4.41E-41
"('Person', 'stoop')",179.2120447,inf,4.41E-41
"('Person', 'be', 'age')",179.2120447,inf,4.41E-41
"('Person', 'take', 'we')",179.2120447,inf,4.41E-41
"('Person', 'be', 'afraid')",179.0550161,1.942836791,6.60E-41
"('Person', 'be', 'family')",177.6844642,inf,9.51E-41
"('Person', 'flick')",177.6844642,inf,9.51E-41
"('Person', 'hear', 'they')",177.6844642,inf,9.51E-41
"('Person', 'tear')",177.6844642,inf,9.51E-41
"('Person', 'reappear')",177.6844642,inf,9.51E-41
"('Person', 'take', 'coat')",177.6844642,inf,9.51E-41
"('Person', 'have', 'room')",177.6844642,inf,9.51E-41
"('Person', 'wear', 'coat')",177.6844642,inf,9.51E-41
"('Person', 'take', 'drink')",177.6844642,inf,9.51E-41
"('Person', 'hold', 'finger')",176.1569535,inf,2.05E-40
"('Person', 'remind', 'Person')",176.1569535,inf,2.05E-40
"('Person', 'have', 'more')",176.1569535,inf,2.05E-40
"('Person', 'presume')",176.1569535,inf,2.05E-40
"('Person', 'face')",176.1569535,inf,2.05E-40
"('Person', 'be', 'enough')",174.6295136,inf,4.42E-40
"('Person', 'doubt', 'it')",174.6295136,inf,4.42E-40
"('Person', 'bring', 'he')",174.6295136,inf,4.42E-40
"('Person', 'be', 'same')",174.6295136,inf,4.42E-40
"('Person', 'pace')",174.6295136,inf,4.42E-40
"('Person', 'leave', 'message')",174.6295136,inf,4.42E-40
"('Person', 'smoke', 'cigarette')",173.102146,inf,9.52E-40
"('Person', 'vow')",173.102146,inf,9.52E-40
"('Person', 'visit', 'Person')",173.102146,inf,9.52E-40
"('Person', 'make', 'love')",173.102146,inf,9.52E-40
"('Person', 'strike')",173.102146,inf,9.52E-40
"('Person', 'take', 'hold')",173.102146,inf,9.52E-40
"('Person', 'assure', 'she')",173.102146,inf,9.52E-40
"('Person', 'see', 'this')",173.102146,inf,9.52E-40
"('Person', 'wipe', 'hand')",171.5748517,inf,2.05E-39
"('Person', 'have', 'family')",171.5748517,inf,2.05E-39
"('Person', 'show', 'Person')",170.0476321,inf,4.42E-39
"('Person', 'bring', 'she')",170.0476321,inf,4.42E-39
"('Person', 'be', 'pregnant')",170.0476321,inf,4.42E-39
"('Person', 'raise', 'voice')",170.0476321,inf,4.42E-39
"('Person', 'be', 'sort')",168.5204885,inf,9.53E-39
"('Person', 'miss', 'he')",168.5204885,inf,9.53E-39
"('Person', 'raise', 'eye')",168.5204885,inf,9.53E-39
"('Person', 'give', 'name')",166.9934222,inf,2.05E-38
"('Person', 'mean', 'Person')",166.9934222,inf,2.05E-38
"('Person', 'have', 'desire')",166.9934222,inf,2.05E-38
"('Person', 'carry', 'it')",166.9934222,inf,2.05E-38
"('Person', 'wear', 'hat')",166.9934222,inf,2.05E-38
"('Person', 'thank', 'she')",166.9934222,inf,2.05E-38
"('Person', 'acknowledge')",166.9934222,inf,2.05E-38
"('Person', 'put', 'he')",166.9934222,inf,2.05E-38
"('Person', 'do', 'work')",165.4664345,inf,4.43E-38
"('Person', 'write', 'it')",165.4664345,inf,4.43E-38
"('Person', 'take', 'note')",165.4664345,inf,4.43E-38
"('Person', 'unlock', 'door')",165.4664345,inf,4.43E-38
"('Person', 'lock', 'door')",165.4664345,inf,4.43E-38
"('Person', 'see', 'other')",165.4664345,inf,4.43E-38
"('Person', 'huddle')",165.4664345,inf,4.43E-38
"('Person', 'pass')",164.4795824,1.98399758,1.04E-37
"('Person', 'see', 'light')",163.939527,inf,9.55E-38
"('Person', 'pour')",163.939527,inf,9.55E-38
"('Person', 'bellow')",163.939527,inf,9.55E-38
"('Person', 'tell', 'anyone')",163.939527,inf,9.55E-38
"('Person', 'like', 'she')",163.939527,inf,9.55E-38
"('Person', 'tell', 'this')",163.939527,inf,9.55E-38
"('Person', 'do')",163.0847215,1.196492818,2.35E-37
"('Person', 'sense')",162.9264933,3.071167624,2.17E-37
"('Person', 'eat')",162.8474042,2.000505956,2.14E-37
"('Person', 'say', 'nothing')",162.3490073,2.443204325,3.03E-37
"('Person', 'keep')",160.9075033,1.329089953,6.48E-37
"('Person', 'travel')",155.0638913,2.807610687,9.62E-36
"('Person', 'shake', 'hand')",153.2889852,2.490923981,2.38E-35
"('Person', 'drink')",152.9980268,2.268033062,3.40E-35
"('Person', 'recall')",146.4795502,2.596825384,8.27E-34
"('Person', 'pray')",136.6690494,2.302377817,1.24E-31
"('Person', 'take', 'she')",134.8074873,2.865851012,2.70E-31
"('Person', 'emerge')",130.4324963,2.457066189,2.82E-30
"('Person', 'carry')",125.861909,2.743939349,3.06E-29
"('Person', 'bear')",124.648045,2.7758235,5.31E-29
"('Person', 'see', 'they')",123.5682252,2.547835873,9.95E-29
"('Person', 'suppose')",122.4536344,1.393725393,1.62E-28
"('Person', 'worry')",121.635138,1.8471978,2.60E-28
"('Person', 'understand')",115.2762482,1.327862592,6.15E-27
"('Person', 'claim')",110.7769951,2.110271169,5.12E-26
"('Person', 'pay')",108.3516134,2.135508959,1.75E-25
"('Person', 'become', 'Person')",102.1783035,1.956471064,4.08E-24
"('Person', 'put', 'hand')",99.39465601,1.451871579,1.88E-23
"('Person', 'put')",97.6422264,1.705412913,4.39E-23
"('Person', 'put', 'arm')",94.0695927,2.149133244,2.45E-22
"('Person', 'have', 'nothing')",92.84739635,2.038594461,5.19E-22
"('Person', 'gaze')",92.67268755,1.743649301,5.04E-22
"('Person', 'begin')",87.65136437,1.190754815,7.27E-21
"('Person', 'be', 'old')",87.29446269,1.774759399,7.80E-21
"('Person', 'be', 'young')",85.434826,1.943603703,2.21E-20
"('Person', 'mean')",84.88897861,1.192914157,3.06E-20
"('Person', 'play')",84.51549749,1.621636559,3.06E-20
"('Person', 'fear')",83.66338754,2.074699726,4.71E-20
"('Person', 'set')",80.95098712,1.848548968,2.16E-19
"('Person', 'discover')",80.38151449,2.004724391,3.03E-19
"('Person', 'grow')",76.49101594,1.461892021,2.06E-18
"('Person', 'am', 'Person')",75.87621712,1.44389728,2.90E-18
"('Person', 'remember', 'Person')",75.52290553,2.211084187,3.25E-18
"('Person', 'put', 'it')",74.86467163,1.874050495,4.61E-18
"('Person', 'learn')",74.07237242,1.396124328,6.88E-18
"('Person', 'run')",68.86209599,1.241023938,1.03E-16
"('Person', 'sing')",68.55516769,1.61205487,1.12E-16
"('Person', 'wear')",67.54664995,1.786501547,1.97E-16
"('Person', 'guess')",65.41782279,1.259625981,5.40E-16
"('Person', 'ask', 'question')",62.18909976,1.787290573,2.53E-15
"('Person', 'bring')",61.82952057,1.828935615,2.85E-15
"('Person', 'put', 'Person')",61.34071538,2.052504822,3.88E-15
"('Person', 'suspect')",59.82604896,1.607766837,9.19E-15
"('Person', 'peer')",59.72889226,1.629469044,9.13E-15
"('Person', 'hang')",57.91006324,1.494828557,2.38E-14
"('Person', 'lie')",56.60829698,1.283349448,4.87E-14
"('Person', 'creep')",55.34803632,2.096445187,8.00E-14
"('Person', 'switch')",55.34803632,2.096445187,8.00E-14
"('Person', 'send', 'Person')",52.83644907,2.034561369,2.96E-13
"('Person', 'pretend')",52.53644926,1.451410939,3.64E-13
"('Person', 'hear', 'it')",52.2946611,1.865902306,4.63E-13
"('Person', 'bring', 'Person')",51.26016126,1.858354479,7.24E-13
"('Person', 'assume')",50.71348402,1.391018113,9.53E-13
"('Person', 'take')",50.40981865,1.267392985,1.12E-12
"('Person', 'leave')",48.98329084,1.211632097,2.52E-12
"('Person', 'hear', 'voice')",48.62829636,1.638733489,2.79E-12
"('Person', 'send')",47.47174746,1.68888389,4.38E-12
"('Person', 'show')",45.66297862,1.401228018,1.36E-11
"('Person', 'fly')",45.29476715,1.600972913,1.39E-11
"('Person', 'remind')",44.29805844,1.989751692,2.20E-11
"('Person', 'be', 'pleased')",43.67932856,1.636417272,3.14E-11
"('Person', 'be', 'older')",40.71399257,1.821882082,1.68E-10
"('Person', 'say', 'something')",40.06219553,1.607595747,2.16E-10
"('Person', 'call', 'he')",39.43504869,1.851327413,2.71E-10
"('Person', 'do', 'it')",38.9464535,1.266568195,4.11E-10
"('Person', 'open', 'door')",38.77853288,1.302088902,4.62E-10
"('Person', 'be', 'kind')",38.43924644,1.702337361,4.82E-10
"('Person', 'disappear')",38.07832647,1.444746735,6.03E-10
"('Person', 'be', 'dead')",37.55986671,1.375568896,8.56E-10
"('Person', 'tell', 'herself')",37.54544455,1.654447145,8.77E-10
"('Person', 'wish')",37.54294359,1.184754788,8.65E-10
"('Person', 'be', 'sick')",36.58322559,1.700917074,1.32E-09
"('Person', 'remain')",36.22833016,1.658082145,1.42E-09
"('Person', 'know', 'Person')",34.95306108,1.34302783,3.01E-09
"('Person', 'take', 'Person')",34.94956125,1.331312343,3.12E-09
"('Person', 'see', 'face')",34.12051382,1.658554503,4.79E-09
"('Person', 'climb')",33.89280398,1.316109644,5.77E-09
"('Person', 'are', 'Person')",33.88536858,1.525464504,4.84E-09
"('Person', 'leave', 'Person')",33.47208599,1.561483692,7.01E-09
"('Person', 'leave', 'it')",32.89771883,1.749704744,8.64E-09
"('Person', 'use', 'it')",32.02411558,1.780841355,1.18E-08
"('Person', 'recognize')",31.63759926,1.743263436,1.76E-08
"('Person', 'leap')",31.18715469,1.75812489,2.06E-08
"('Person', 'dream')",30.88486072,1.416786555,2.60E-08
"('Person', 'bet')",30.79831899,1.428421312,2.49E-08
"('Person', 'have', 'choice')",30.13490375,1.589785616,3.78E-08
"('Person', 'have', 'it')",28.92146905,1.518108754,6.40E-08
"('Person', 'get', 'Person')",28.30320522,1.42259994,8.86E-08
"('Person', 'follow', 'she')",27.86239487,1.701499352,1.22E-07
"('Person', 'hear', 'Person')",27.80479159,1.409997908,1.20E-07
"('Person', 'make', 'mistake')",27.18244026,1.704125016,1.80E-07
"('Person', 'have', 'way')",26.71109223,1.586595033,2.10E-07
"('Person', 'take', 'he')",26.13589477,1.454490448,2.70E-07
"('Person', 'approach')",26.00696889,1.699466245,2.67E-07
"('Person', 'meet', 'Person')",25.99248327,1.340114207,2.96E-07
"('Person', 'hide')",25.72111354,1.552022412,3.73E-07
"('Person', 'be', 'hungry')",24.89858041,1.656449759,5.38E-07
"('Person', 'be', 'right')",24.7139365,1.225333422,6.29E-07
"('Person', 'find', 'Person')",23.97510976,1.331153339,8.55E-07
"('Person', 'prefer')",23.67060884,1.50939491,1.07E-06
"('Person', 'wave')",23.3917338,1.336830736,1.25E-06
"('Person', 'get')",23.03442076,1.071836419,1.54E-06
"('Person', 'bend')",22.54010619,1.327551538,1.93E-06
"('Person', 'belong')",22.35413666,1.506328279,2.19E-06
"('Person', 'be', 'interested')",22.27741912,1.418231277,2.02E-06
"('Person', 'knock')",22.2667996,1.32346831,2.17E-06
"('Person', 'stay')",22.08401764,1.143698072,2.46E-06
"('Person', 'crouch')",21.72408894,1.44417424,3.05E-06
"('Person', 'ask', 'you')",20.87377482,1.470431636,4.05E-06
"('Person', 'hurry')",20.53433972,1.323050767,5.24E-06
"('Person', 'know', 'he')",20.28749298,1.472583797,6.07E-06
"('Person', 'squint')",20.21502716,1.337626876,6.43E-06
"('Person', 'take', 'they')",20.08709887,1.569390669,7.29E-06
"('Person', 'drift')",20.00369019,1.474386604,7.34E-06
"('Person', 'be', 'tall')",19.6978784,1.426945263,8.22E-06
"('Person', 'stop')",19.65880222,1.086357839,9.20E-06
"('Person', 'give', 'it')",19.04641628,1.565970935,1.20E-05
"('Person', 'spend')",18.19770897,1.218063154,1.98E-05
"('Person', 'conclude')",18.03256536,1.464804542,1.87E-05
"('Person', 'be', 'silent')",17.72428101,1.245702298,2.50E-05
"('Person', 'point')",17.50239742,1.136691529,2.79E-05
"('Person', 'be', 'grateful')",17.39939435,1.314427013,2.96E-05
"('Person', 'hold', 'it')",16.95058171,1.38719277,3.39E-05
"('Person', 'intend')",16.78600187,1.403522821,3.97E-05
"('Person', 'be', 'asleep')",16.75271901,1.34364042,3.70E-05
"('Person', 'meet')",16.59077606,1.201459997,4.32E-05
"('Person', 'count')",16.56058586,1.411581298,4.52E-05
"('Person', 'hear', 'sound')",16.50949892,1.405735489,4.54E-05
"('Person', 'check')",16.46093329,1.339431766,4.46E-05
"('Person', 'stagger')",16.3866537,1.564520561,4.22E-05
"('Person', 'am', 'sorry')",15.69341803,1.414211264,6.56E-05
"('Person', 'do', 'nothing')",15.24484928,1.462225206,7.85E-05
"('Person', 'be', 'quiet')",14.75699831,1.247375313,0.000110365
"('Person', 'dress')",14.59639117,1.425277387,0.000114004
"('Person', 'dig')",14.18700435,1.447213297,0.000151109
"('Person', 'pick', 'it')",13.52968797,1.402160729,0.000226053
"('Person', 'know')",12.64157824,1.027333073,0.000371934
"('Person', 'do', 'thing')",12.36595966,1.273402825,0.000385993
"('Person', 'call', 'you')",12.0827832,1.449554575,0.000497492
"('Person', 'slow')",11.67142241,1.385284171,0.0005721
"('Person', 'be', 'angry')",11.47464945,1.259869575,0.000627861
"('Person', 'swing')",11.21829042,1.456042306,0.00073887
"('Person', 'find', 'he')",10.132177,1.361239899,0.001339717
"('Person', 'search')",9.967722457,1.297721582,0.001435538
"('Person', 'know', 'name')",9.872499614,1.372740289,0.001453179
"('Person', 'be', 'there')",9.823661889,1.349745907,0.001540719
"('Person', 'survive')",9.682285908,1.399322256,0.001686136
"('Person', 'say', 'it')",9.529378953,1.251616761,0.001935309
"('Person', 'open', 'it')",9.396808631,1.296025179,0.001957822
"('Person', 'close', 'door')",9.023352181,1.2301447,0.002619243
"('Person', 'know', 'this')",8.55610397,1.252776494,0.003310664
"('Person', 'kill')",8.093864457,1.354771056,0.003870446
"('Person', 'know', 'that')",7.860182284,1.207498261,0.004624538
"('Person', 'have', 'something')",7.850988783,1.274399594,0.004778477
"('Person', 'be', 'part')",7.533618062,1.320386029,0.005256502
"('Person', 'be', 'unable')",7.528935132,1.364694114,0.005376974
"('Person', 'bring', 'it')",7.23297747,1.326012589,0.00625027
"('Person', 'consider')",7.219574996,1.138329691,0.006803071
"('Person', 'want')",7.0133488,1.026390418,0.007993492
"('Person', 'get', 'it')",6.614542006,1.153596148,0.00960544
"('Person', 'say', 'word')",6.314671209,1.27812722,0.010888006
"('Person', 'observe')",6.285367331,1.230257462,0.011450147
"('Person', 'be', 'free')",6.238353941,1.287034175,0.011313634
"('Person', 'follow', 'he')",6.094821465,1.210028577,0.013180432
"('Person', 'have', 'right')",6.085519781,1.271424248,0.012765839
"('Person', 'wander')",6.076520378,1.181300903,0.013352301
"('Person', 'turn', 'face')",5.863946204,1.300619499,0.014290488
"('Person', 'bow')",5.83567418,1.266964478,0.014085931
"('Person', 'spend', 'hour')",5.753332648,1.274444574,0.014960563
"('Person', 'be', 'alive')",5.403098625,1.216145053,0.018141321
"('Person', 'take', 'you')",5.403054229,1.253897219,0.019090054
"('Person', 'be', 'small')",5.302152276,1.296051615,0.020504609
"('Person', 'hold', 'arm')",5.261044936,1.305689531,0.019690353
"('Person', 'be', 'embarrassed')",5.246952485,1.265369678,0.020395655
"('Person', 'believe', 'it')",5.217964355,1.204420802,0.022180913
"('Person', 'linger')",4.663228321,1.241556711,0.027207996
"('Person', 'touch')",4.341527292,1.241373186,0.033043077
"('Person', 'chat')",4.252694659,1.274854942,0.03858373
"('Person', 'like', 'Person')",4.243016291,1.150191665,0.037793281
"('Person', 'know', 'it')",4.079092716,1.119233913,0.041365735
"('Person', 'have')",3.968688001,1.020400006,0.0462742
"('Person', 'be', 'alone')",3.947418341,1.161685745,0.045036687
"('Person', 'smell')",3.586311944,1.122504211,0.057925481
"('Person', 'prepare')",3.569574505,1.250296437,0.057570079
"('Person', 'become')",3.561796653,1.250951325,0.05676794
"('Person', 'like', 'he')",3.427177793,1.237328894,0.057217271
"('Person', 'lose', 'Person')",3.399334725,1.221356538,0.064239064
"('Person', 'lay')",3.209871044,1.066629164,0.071453048
"('Person', 'be', 'desperate')",3.166532313,1.232876578,0.067648638
"('Person', 'choose')",2.975808267,1.114383655,0.083539058
"('Person', 'pick')",2.909375437,1.120996444,0.086946171
"('Person', 'know', 'you')",2.900209991,1.181957958,0.08487619
"('Person', 'love', 'she')",2.858629893,1.175517864,0.084421925
"('Person', 'have', 'trouble')",2.791639663,1.16990038,0.090047876
"('Person', 'have')",2.705210135,1.11782667,0.096355037
"('Person', 'click')",2.621078231,1.207852431,0.101265162
"('Person', 'leave', 'he')",2.573716286,1.171309633,0.102943758
"('Person', 'shut', 'eye')",2.471882578,1.155337271,0.107326682
"('Person', 'see', 'anything')",2.258705464,1.192847997,0.125961398
"('Person', 'cough')",2.03415502,1.114744418,0.147043493
"('Person', 'mention')",1.819992806,1.11028235,0.173693415
"('Person', 'have', 'one')",1.81495362,1.090781033,0.174688345
"('Person', 'find', 'way')",1.811622006,1.129178583,0.174492899
"('Person', 'keep', 'eye')",1.743115448,1.107464178,0.175435909
"('Person', 'want', 'Person')",1.623147703,1.081251692,0.197086037
"('Person', 'repeat')",1.579259577,1.062464915,0.200868409
"('Person', 'enter')",1.577790592,1.117799093,0.197751666
"('Person', 'take', 'care')",1.555458657,1.093106007,0.21051226
"('Person', 'kick')",1.511891767,1.129432617,0.214453514
"('Person', 'afford')",1.505031858,1.163360083,0.21546561
"('Person', 'be', 'smart')",1.363072967,1.131758658,0.241681648
"('Person', 'hand', 'it')",1.358904385,1.155336883,0.237347693
"('Person', 'insist')",1.26562433,1.044584793,0.252340691
"('Person', 'be', 'sad')",1.261421252,1.140984879,0.239741674
"('Person', 'be', 'careful')",1.249461937,1.103004711,0.253168365
"('Person', 'be', 'upset')",1.182549657,1.124933312,0.255206361
"('Person', 'take', 'one')",1.013993536,1.107639513,0.308256746
"('Person', 'thank', 'Person')",0.933558003,1.125131924,0.326725286
"('Person', 'need', 'Person')",0.917304766,1.076287661,0.335961115
"('Person', 'find', 'it')",0.876647129,1.080913429,0.338193592
"('Person', 'have', 'look')",0.807128372,1.094261784,0.364903751
"('Person', 'is', 'one')",0.751701391,1.084511626,0.372822622
"('Person', 'kill', 'Person')",0.748767309,1.100320765,0.375022398
"('Person', 'be', 'cold')",0.713113309,1.099131215,0.370275516
"('Person', 'happen')",0.634058602,1.066464836,0.417758742
"('Person', 'give', 'Person')",0.612008919,1.08737579,0.420297246
"('Person', 'act')",0.516962801,1.051187061,0.464941449
"('Person', 'mean', 'it')",0.510128058,1.057530572,0.456333098
"('Person', 'be', 'safe')",0.378628411,1.068141475,0.518943135
"('Person', 'watch', 'Person')",0.35853968,1.037716392,0.535830484
"('Person', 'kneel')",0.344679378,1.032120344,0.552776168
"('Person', 'help', 'you')",0.336315453,1.050623451,0.549769774
"('Person', 'be', 'here')",0.279856384,1.064975107,0.588876849
"('Person', 'be', 'certain')",0.278707367,1.034244822,0.586908203
"('Person', 'be', 'impressed')",0.235800008,1.056639525,0.607658391
"('Person', 'have', 'reason')",0.175995181,1.046538088,0.661684852
"('Person', 'clap', 'hand')",0.150711608,1.054535374,0.677764954
"('Person', 'flip')",0.12474505,1.032582089,0.713998015
"('Person', 'be', 'wrong')",0.121947664,1.027569994,0.723502217
"('Person', 'lead', 'he')",0.103436538,1.044954054,0.728046115
"('Person', 'chew')",0.093022934,1.036006005,0.727222515
"('Person', 'do', 'job')",0.064626257,1.038241577,0.765147197
"('Person', 'lay', 'hand')",0.05995168,1.03607595,0.770272635
"('Person', 'be', 'startled')",0.017140657,1.020994997,0.867390474
"('Person', 'extend', 'hand')",0.015999988,1.022628874,0.857305859
"('Person', 'set', 'it')",0.013986951,1.021726098,0.856864623
"('Person', 'be', 'drunk')",0.009626376,1.010919392,0.905750291
"('Person', 'realize')",0.007654689,1.002477662,0.921056638
"('Person', 'pick', 'Person')",0.001747679,1.009517248,0.959309513
"('Person', 'be', 'different')",7.87E-05,1.004467721,0.965733722
"('Person', 'do', 'same')",-1.91E-06,0.994872954,1
"('Person', 'forget')",-6.30E-05,0.998980808,0.984876354
"('Person', 'dance')",-0.000127505,0.996477582,0.970712946
"('Person', 'take', 'phone')",-0.000133414,0.995058466,1
"('Person', 'know', 'what')",-0.000528641,0.990288278,0.952776906
"('Person', 'concentrate')",-0.001063241,0.991126081,0.958225117
"('Person', 'catch', 'sight')",-0.001573522,0.998101227,1
"('Person', 'have', 'idea')",-0.004253492,0.997237594,0.946260219
"('Person', 'raise', 'head')",-0.007795694,0.986636742,0.921984757
"('Person', 'avoid')",-0.008842873,0.981244525,0.902951904
"('Person', 'shout')",-0.023216645,0.995300623,0.876375318
"('Person', 'be', 'proud')",-0.025635525,0.98592394,0.856780039
"('Person', 'turn', 'Person')",-0.031677632,0.972529888,0.86007953
"('Person', 'have', 'much')",-0.037543381,0.975968967,0.841887779
"('Person', 'refuse')",-0.03990387,0.989217527,0.827651363
"('Person', 'draw')",-0.046564513,0.983565213,0.815980132
"('Person', 'do', 'something')",-0.046959846,0.97897647,0.805012491
"('Person', 'give', 'laugh')",-0.059803579,0.967984402,0.785869766
"('Person', 'be', 'better')",-0.079551194,0.972505193,0.764198468
"('Person', 'need', 'help')",-0.089006529,0.966912253,0.734722386
"('Person', 'lose')",-0.09554284,0.967364807,0.74438842
"('Person', 'be', 'disappointed')",-0.099065536,0.956647809,0.722850089
"('Person', 'awake')",-0.138216117,0.960342699,0.700312167
"('Person', 'like', 'that')",-0.143909349,0.951453314,0.690325442
"('Person', 'stride')",-0.151939553,0.959674363,0.672192889
"('Person', 'watch', 'she')",-0.15984589,0.961404689,0.690377307
"('Person', 'follow', 'Person')",-0.164470196,0.968361378,0.662939907
"('Person', 'make', 'Person')",-0.165973548,0.965006145,0.66183837
"('Person', 'have', 'eye')",-0.208868923,0.962252481,0.641869765
"('Person', 'be', 'exhausted')",-0.240259167,0.941850089,0.621561925
"('Person', 'rest')",-0.259145896,0.939504083,0.581482635
"('Person', 'do', 'best')",-0.275138306,0.956912639,0.584956578
"('Person', 'take', 'it')",-0.306461941,0.977196416,0.573740705
"('Person', 'hover')",-0.328873417,0.939040258,0.546237269
"('Person', 'feel', 'need')",-0.333210005,0.930870782,0.535504716
"('Person', 'make', 'decision')",-0.381564897,0.92562012,0.529840789
"('Person', 'join')",-0.392660955,0.932947401,0.506929518
"('Person', 'be', 'aware')",-0.399739498,0.966536954,0.51841063
"('Person', 'have', 'plenty')",-0.483376296,0.910024973,0.457157183
"('Person', 'notice', 'Person')",-0.581672031,0.911064957,0.427873585
"('Person', 'dive')",-0.659160619,0.901016748,0.40427372
"('Person', 'spend', 'most')",-0.678031994,0.89940713,0.402515064
"('Person', 'hate', 'Person')",-0.805628679,0.912857967,0.361157868
"('Person', 'trust')",-0.811792085,0.917472575,0.364063173
"('Person', 'remind', 'he')",-0.833009342,0.91330897,0.346393088
"('Person', 'want', 'it')",-0.895967886,0.917242939,0.338512426
"('Person', 'be', 'willing')",-0.906598201,0.912107221,0.334590447
"('Person', 'take', 'eye')",-0.912746256,0.888719938,0.324571916
"('Person', 'be', 'something')",-0.91571573,0.880255961,0.319346017
"('Person', 'do', 'that')",-0.922542802,0.95575721,0.334528727
"('Person', 'miss', 'Person')",-0.978460213,0.907119127,0.302670485
"('Person', 'echo')",-1.096075284,0.873907924,0.276120315
"('Person', 'shut', 'door')",-1.176751298,0.895385224,0.264169161
"('Person', 'have', 'hair')",-1.185664141,0.919082436,0.262582
"('Person', 'rub', 'eye')",-1.218390719,0.87623786,0.25727516
"('Person', 'be', 'awake')",-1.297420495,0.892968653,0.253981849
"('Person', 'take', 'bite')",-1.323111478,0.875622928,0.249261209
"('Person', 'make')",-1.338069646,0.973570909,0.24724632
"('Person', 'roar')",-1.3668362,0.876661827,0.238391835
"('Person', 'raise', 'hand')",-1.427874218,0.931554133,0.224803472
"('Person', 'change')",-1.445107359,0.921571053,0.222395191
"('Person', 'fold', 'arm')",-1.459934007,0.868063106,0.22046538
"('Person', 'stir')",-1.537681813,0.882939468,0.21082635
"('Person', 'doubt')",-1.602230895,0.919552622,0.197516669
"('Person', 'have', 'anything')",-1.629930297,0.847746407,0.197529133
"('Person', 'throw')",-1.701516477,0.888719678,0.190916181
"('Person', 'spend', 'time')",-1.755740262,0.897533356,0.179560123
"('Person', 'step')",-1.825752847,0.965558656,0.173673103
"('Person', 'fight')",-1.875115515,0.921454521,0.17028327
"('Person', 'fit')",-1.875295437,0.848551668,0.169561749
"('Person', 'urge')",-1.98568415,0.84086565,0.158967777
"('Person', 'hold', 'hand')",-2.002916697,0.942275219,0.153833003
"('Person', 'regret')",-2.025153146,0.867661667,0.149736458
"('Person', 'help', 'Person')",-2.15908641,0.854631825,0.136342868
"('Person', 'sway')",-2.332333512,0.829123253,0.126988717
"('Person', 'accept')",-2.370887812,0.855804104,0.118774058
"('Person', 'feel', 'way')",-2.401091173,0.849960525,0.117351283
"('Person', 'hug')",-2.581798368,0.829629295,0.105599732
"('Person', 'lift')",-2.599840825,0.835044529,0.106749842
"('Person', 'stick')",-2.6844622,0.854690534,0.095312571
"('Person', 'convince')",-2.693694752,0.813013977,0.091354762
"('Person', 'announce')",-2.728782887,0.91358951,0.096046776
"('Person', 'have', 'sex')",-2.748210045,0.833174674,0.090098831
"('Person', 'have', 'doubt')",-2.765370096,0.828573992,0.091848227
"('Person', 'take', 'hand')",-2.947111265,0.927011275,0.085730413
"('Person', 'like', 'it')",-2.978679046,0.903509269,0.083702153
"('Person', 'be', 'thing')",-3.10212722,0.850674994,0.074873679
"('Person', 'ignore')",-3.217921951,0.806798569,0.06593478
"('Person', 'threaten')",-3.456169271,0.800344162,0.057433866
"('Person', 'take', 'look')",-3.463261559,0.842761699,0.060879889
"('Person', 'be', 'tired')",-3.565406151,0.901724542,0.055991739
"('Person', 'fail')",-3.593113246,0.868493224,0.05428602
"('Person', 'have', 'plan')",-3.65758067,0.837316152,0.052646226
"('Person', 'motion')",-3.820415368,0.832821172,0.050636927
"('Person', 'cut')",-3.874953397,0.848346073,0.046151966
"('Person', 'hold')",-3.925067201,0.916732438,0.046401995
"('Person', 'have', 'able')",-3.965107503,0.870037893,0.043591253
"('Person', 'look', 'Person')",-3.981800368,0.823993834,0.043027717
"('Person', 'leave', 'room')",-4.026229281,0.817977389,0.041574159
"('Person', 'have', 'feeling')",-4.161288247,0.873907055,0.041325472
"('Person', 'love', 'he')",-4.679914833,0.85045482,0.030703734
"('Person', 'be', 'much')",-4.694845236,0.809609883,0.029419271
"('Person', 'cry')",-4.841094461,0.942040118,0.02724171
"('Person', 'close')",-4.988915924,0.796945503,0.023397318
"('Person', 'recover')",-5.027669242,0.766037571,0.021932494
"('Person', 'sink')",-5.171870179,0.854442324,0.023096252
"('Person', 'duck')",-5.197749973,0.804980771,0.020750298
"('Person', 'have', 'problem')",-5.224749926,0.815747724,0.021409963
"('Person', 'be', 'nothing')",-5.313907356,0.795697737,0.020783057
"('Person', 'be', 'late')",-5.327638763,0.759758557,0.018600617
"('Person', 'apologize')",-5.709482916,0.858641394,0.015885014
"('Person', 'smile', 'smile')",-5.747669179,0.773661947,0.014817781
"('Person', 'have', 'lot')",-6.337832357,0.812543131,0.011152788
"('Person', 'pull', 'it')",-6.343555508,0.774863266,0.010571838
"('Person', 'confess')",-6.425434267,0.837266688,0.010989362
"('Person', 'hold', 'breath')",-6.487013413,0.799847196,0.010271225
"('Person', 'concede')",-6.493726666,0.773291972,0.010779323
"('Person', 'have', 'hand')",-6.645454305,0.806798005,0.009234293
"('Person', 'pop')",-6.952433749,0.736820889,0.008432991
"('Person', 'slip')",-7.187578201,0.875031137,0.006889768
"('Person', 'be', 'worried')",-7.239713713,0.809598542,0.007155955
"('Person', 'be', 'glad')",-7.546043167,0.873631804,0.005663071
"('Person', 'leave', 'you')",-7.867210308,0.717523907,0.005038688
"('Person', 'pay', 'attention')",-8.038363563,0.806857676,0.004303776
"('Person', 'drop')",-8.09165836,0.847244817,0.004124271
"('Person', 'hesitate')",-8.158904925,0.891210383,0.004067828
"('Person', 'lead', 'Person')",-8.268890965,0.754416394,0.003640025
"('Person', 'have', 'chance')",-8.443148911,0.768984819,0.003604381
"('Person', 'dare')",-8.63592372,0.818998668,0.003318735
"('Person', 'be', 'lucky')",-9.011103873,0.779692938,0.0027005
"('Person', 'do', 'anything')",-9.134055789,0.833441081,0.002472871
"('Person', 'be', 'nice')",-9.134449589,0.76295681,0.002243083
"('Person', 'shriek')",-9.166350127,0.741158145,0.002420024
"('Person', 'be', 'strong')",-9.479649932,0.725664838,0.00202496
"('Person', 'make', 'note')",-9.513090427,0.720849938,0.001990761
"('Person', 'gesture')",-9.518634511,0.839962874,0.001989513
"('Person', 'shoot')",-9.588869488,0.827032393,0.001881338
"('Person', 'enter', 'room')",-10.08196755,0.690878672,0.001328099
"('Person', 'head')",-10.60720259,0.855595012,0.001097186
"('Person', 'feel', 'something')",-10.70303483,0.728813219,0.000984611
"('Person', 'raise')",-10.71623797,0.688757312,0.000942583
"('Person', 'want', 'he')",-10.73760376,0.706850365,0.001003038
"('Person', 'tell', 'himself')",-10.7517892,0.790867802,0.000968186
"('Person', 'plan')",-10.85391536,0.830869651,0.000972151
"('Person', 'be', 'happy')",-11.06059002,0.877253453,0.00085628
"('Person', 'hold', 'Person')",-11.07563768,0.736242556,0.000772316
"('Person', 'struggle')",-11.26189209,0.839164379,0.000734017
"('Person', 'back')",-11.67968828,0.774511207,0.000573355
"('Person', 'follow')",-11.80184701,0.849862255,0.000582935
"('Person', 'be', 'curious')",-12.06429049,0.715981927,0.000448153
"('Person', 'tend')",-12.11968145,0.745686625,0.000463085
"('Person', 'resist')",-13.01063762,0.713927536,0.000273093
"('Person', 'explain')",-13.2210148,0.897451901,0.000263969
"('Person', 'be', 'mad')",-13.32675555,0.678759052,0.000255473
"('Person', 'fumble')",-13.3340703,0.722083893,0.000257213
"('Person', 'catch', 'eye')",-13.41778778,0.687806132,0.000239576
"('Person', 'rush')",-13.52588998,0.815871942,0.000230929
"('Person', 'take', 'sip')",-13.94140528,0.719941164,0.00018629
"('Person', 'bark')",-14.59749581,0.703568902,0.00011609
"('Person', 'have', 'thing')",-14.63131146,0.725223242,0.000115387
"('Person', 'lean', 'head')",-14.84099557,0.662262857,0.000101573
"('Person', 'say', 'anything')",-15.13430806,0.838435236,9.77E-05
"('Person', 'open')",-15.24783874,0.743273374,9.30E-05
"('Person', 'suggest')",-15.37529173,0.850992202,8.48E-05
"('Person', 'declare')",-15.94351253,0.759343403,6.50E-05
"('Person', 'be', 'naked')",-16.03296423,0.627657712,5.32E-05
"('Person', 'need', 'it')",-16.31743894,0.654225473,4.66E-05
"('Person', 'burst')",-16.56835552,0.754145476,4.46E-05
"('Person', 'catch')",-16.6136226,0.780537413,4.19E-05
"('Person', 'seem')",-16.70598041,0.917945952,4.21E-05
"('Person', 'win')",-16.80509108,0.718102168,4.00E-05
"('Person', 'watch', 'he')",-16.95683335,0.767688413,3.57E-05
"('Person', 'love', 'it')",-17.1326227,0.74596326,3.10E-05
"('Person', 'cling')",-17.36040763,0.6897516,3.02E-05
"('Person', 'land')",-17.45300682,0.682369134,2.81E-05
"('Person', 'miss')",-17.46713721,0.7631734,2.74E-05
"('Person', 'lift', 'hand')",-17.76208459,0.721078248,2.50E-05
"('Person', 'feel', 'it')",-19.02834987,0.75280486,1.19E-05
"('Person', 'slump')",-19.17641548,0.647812309,1.19E-05
"('Person', 'straighten')",-19.36719971,0.710769642,1.07E-05
"('Person', 'assure', 'he')",-19.51056041,0.618756407,1.01E-05
"('Person', 'wake')",-20.44528478,0.860663441,6.02E-06
"('Person', 'sniff')",-21.01442142,0.708670908,4.32E-06
"('Person', 'assure')",-21.32760619,0.612188977,3.74E-06
"('Person', 'shut')",-21.61339708,0.59517215,2.84E-06
"('Person', 'find')",-21.82881854,0.908610373,2.95E-06
"('Person', 'be', 'first')",-22.12788228,0.689385189,2.44E-06
"('Person', 'add')",-22.22280464,0.866151566,2.37E-06
"('Person', 'fall')",-22.4159836,0.875521842,2.13E-06
"('Person', 'twist')",-23.29507377,0.594038137,1.27E-06
"('Person', 'proceed')",-23.92535236,0.640305351,8.85E-07
"('Person', 'react')",-24.0448099,0.630848845,8.45E-07
"('Person', 'be', 'excited')",-24.40656246,0.646592869,7.87E-07
"('Person', 'be', 'jealous')",-25.70730391,0.565270708,3.61E-07
"('Person', 'note')",-27.08090469,0.706256247,1.90E-07
"('Person', 'see', 'you')",-27.33252954,0.743963542,1.67E-07
"('Person', 'enjoy')",-27.42327606,0.653380082,1.40E-07
"('Person', 'be', 'ready')",-27.48493644,0.750553804,1.49E-07
"('Person', 'be', 'busy')",-27.65715457,0.722082496,1.44E-07
"('Person', 'allow')",-27.66136207,0.777358776,1.37E-07
"('Person', 'love', 'Person')",-27.81212058,0.730859069,1.24E-07
"('Person', 'be', 'quick')",-28.12947048,0.587730678,1.00E-07
"('Person', 'remember', 'time')",-28.90301055,0.608985939,6.34E-08
"('Person', 'argue')",-29.5979386,0.72106958,4.75E-08
"('Person', 'tremble')",-30.51774876,0.57158605,3.36E-08
"('Person', 'try')",-31.10718484,0.926847231,2.41E-08
"('Person', 'help', 'it')",-31.51684286,0.613478713,1.91E-08
"('Person', 'miss', 'you')",-32.07629136,0.609061416,1.26E-08
"('Person', 'hope')",-32.40249348,0.875237194,1.19E-08
"('Person', 'take', 'seat')",-33.12088901,0.608230811,7.30E-09
"('Person', 'ignore', 'he')",-33.18730703,0.586288449,7.28E-09
"('Person', 'hate', 'it')",-33.41654218,0.595566027,7.55E-09
"('Person', 'shake')",-33.58805261,0.711091762,6.39E-09
"('Person', 'be', 'good')",-34.81467468,0.764117172,3.31E-09
"('Person', 'find', 'himself')",-36.44841561,0.528998788,1.27E-09
"('Person', 'deal')",-36.77595508,0.592709746,1.34E-09
"('Person', 'turn')",-36.97797083,0.919243155,1.16E-09
"('Person', 'wave', 'hand')",-37.8554034,0.597585796,6.83E-10
"('Person', 'hop')",-38.07309709,0.56037106,5.57E-10
"('Person', 'grab')",-38.12622654,0.603613402,5.94E-10
"('Person', 'feel', 'Person')",-38.52042684,0.574492378,4.98E-10
"('Person', 'expect')",-39.0443987,0.799325409,3.82E-10
"('Person', 'grab', 'arm')",-39.73398394,0.509202437,2.87E-10
"('Person', 'scramble')",-39.81741557,0.603804872,2.47E-10
"('Person', 'care')",-39.81809232,0.824195973,2.65E-10
"('Person', 'be', 'one')",-40.12386895,0.832710699,2.36E-10
"('Person', 'crawl')",-40.5891207,0.651081453,1.74E-10
"('Person', 'make', 'face')",-41.84312183,0.629986775,9.42E-11
"('Person', 'be', 'shocked')",-43.06772462,0.546396632,5.01E-11
"('Person', 'be', 'stupid')",-44.04329619,0.501446616,2.64E-11
"('Person', 'confirm')",-44.80057403,0.514715583,1.94E-11
"('Person', 'remark')",-45.2571473,0.600019554,1.49E-11
"('Person', 'plead')",-45.48047699,0.612543713,1.43E-11
"('Person', 'warn')",-48.84829893,0.600511236,2.79E-12
"('Person', 'spit')",-49.26891908,0.623841029,1.88E-12
"('Person', 'do', 'this')",-50.22212247,0.682521454,1.38E-12
"('Person', 'is')",-52.28891936,0.909937728,4.79E-13
"('Person', 'make', 'it')",-52.37585761,0.701106102,3.95E-13
"('Person', 'mind')",-53.26976098,0.671793149,2.51E-13
"('Person', 'turn', 'attention')",-53.66007067,0.484954365,1.87E-13
"('Person', 'squeeze', 'hand')",-53.85897142,0.522720913,1.92E-13
"('Person', 'kiss', 'she')",-54.34142918,0.517177435,1.45E-13
"('Person', 'be', 'nervous')",-54.67839904,0.544918337,1.26E-13
"('Person', 'protest')",-56.05201565,0.618007319,6.94E-14
"('Person', 'be', 'more')",-56.32310463,0.525913741,6.30E-14
"('Person', 'be', 'scared')",-56.39809812,0.47758419,5.70E-14
"('Person', 'shuffle')",-56.49752919,0.536687231,4.63E-14
"('Person', 'be', 'able')",-57.29187627,0.786116582,3.78E-14
"('Person', 'give')",-57.93397082,0.762136418,2.60E-14
"('Person', 'be', 'bit')",-59.81871766,0.45852251,8.24E-15
"('Person', 'panic')",-61.32665231,0.457171339,4.40E-15
"('Person', 'be', 'fine')",-61.882548,0.624178066,3.68E-15
"('Person', 'look')",-66.08556091,0.93924703,4.22E-16
"('Person', 'need', 'you')",-66.17050587,0.487360695,3.38E-16
"('Person', 'stretch')",-66.31342727,0.494747188,3.41E-16
"('Person', 'sob')",-66.41673452,0.513199617,3.74E-16
"('Person', 'be', 'surprised')",-66.70826723,0.696836336,2.94E-16
"('Person', 'force')",-68.4729028,0.576777609,1.09E-16
"('Person', 'have', 'time')",-68.7893192,0.703451141,1.00E-16
"('Person', 'want', 'you')",-69.41604816,0.474873082,6.16E-17
"('Person', 'deserve')",-69.47544084,0.449835058,7.68E-17
"('Person', 'take', 'time')",-71.72719692,0.546948766,2.37E-17
"('Person', 'sound')",-71.82828016,0.728947394,2.26E-17
"('Person', 'move')",-71.96307094,0.836414121,2.06E-17
"('Person', 'watch')",-72.4096774,0.826477361,1.67E-17
"('Person', 'be', 'okay')",-73.31933162,0.410542495,1.01E-17
"('Person', 'make', 'sound')",-75.97027309,0.543348215,2.61E-18
"('Person', 'shoot', 'look')",-76.20502466,0.413850186,1.89E-18
"('Person', 'pause')",-76.53413643,0.799596609,2.06E-18
"('Person', 'spin')",-78.22784532,0.483856452,9.43E-19
"('Person', 'wan')",-78.91488955,0.420708958,6.15E-19
"('Person', 'meet', 'eye')",-80.41165464,0.453880034,2.86E-19
"('Person', 'squeeze')",-80.84997774,0.484953546,1.95E-19
"('Person', 'correct')",-82.08571527,0.404032128,1.04E-19
"('Person', 'joke')",-82.37407364,0.540107559,1.03E-19
"('Person', 'order')",-83.69635381,0.529371241,5.27E-20
"('Person', 'attempt')",-84.13390737,0.491015323,4.16E-20
"('Person', 'take', 'step')",-84.39791456,0.656578752,3.52E-20
"('Person', 'stiffen')",-86.63559699,0.407947144,1.29E-20
"('Person', 'grimace')",-87.23252192,0.458148294,8.05E-21
"('Person', 'complain')",-88.55290997,0.613941893,4.87E-21
"('Person', 'offer')",-88.63195673,0.664271172,4.45E-21
"('Person', 'be', 'beautiful')",-88.73993644,0.514526797,3.72E-21
"('Person', 'fuck')",-89.52228095,0.424464611,2.72E-21
"('Person', 'rub')",-91.02219814,0.405116067,1.30E-21
"('Person', 'give', 'nod')",-91.13915898,0.387261865,1.24E-21
"('Person', 'push')",-91.25767876,0.658180248,1.25E-21
"('Person', 'yawn')",-93.13910365,0.461672636,4.21E-22
"('Person', 'break')",-93.28619089,0.626784056,4.09E-22
"('Person', 'stare')",-94.27595437,0.816784108,2.69E-22
"('Person', 'realise')",-95.80047862,0.595446502,1.10E-22
"('Person', 'exhale')",-97.99177366,0.452580003,3.51E-23
"('Person', 'stammer')",-100.8214922,0.389924096,9.86E-24
"('Person', 'bother')",-102.2198051,0.548642383,4.50E-24
"('Person', 'answer')",-104.8156584,0.766972037,1.26E-24
"('Person', 'notice')",-105.3489103,0.739451425,9.89E-25
"('Person', 'scream')",-105.8629001,0.656269895,7.21E-25
"('Person', 'curse')",-107.8904121,0.376552149,2.82E-25
"('Person', 'curl')",-110.5455345,0.362514422,6.38E-26
"('Person', 'reach', 'hand')",-112.8280506,0.418031753,1.91E-26
"('Person', 'figure')",-113.0121706,0.627083253,1.82E-26
"('Person', 'stumble')",-113.4485899,0.553340557,1.51E-26
"('Person', 'shake', 'head')",-116.3623425,0.820132124,3.66E-27
"('Person', 'agree')",-116.7887988,0.729163079,2.85E-27
"('Person', 'inquire')",-121.2585743,0.362719869,2.55E-28
"('Person', 'be', 'close')",-123.8302644,0.490368877,8.92E-29
"('Person', 'inhale')",-125.4050607,0.37436644,3.59E-29
"('Person', 'beg')",-128.8266665,0.501472714,7.31E-30
"('Person', 'grab', 'Person')",-128.8905153,0.331728429,6.36E-30
"('Person', 'slide')",-132.0845466,0.505372348,1.44E-30
"('Person', 'pull', 'hand')",-132.6033502,0.327673036,8.79E-31
"('Person', 'tug')",-135.3831452,0.439792413,2.26E-31
"('Person', 'relax')",-135.8535332,0.363581851,1.82E-31
"('Person', 'focus')",-136.2187933,0.419775502,1.41E-31
"('Person', 'settle')",-137.29337,0.559655754,8.84E-32
"('Person', 'let', 'go')",-137.8176617,0.36813088,8.00E-32
"('Person', 'lift', 'head')",-141.5495925,0.409218311,9.39E-33
"('Person', 'flinch')",-149.0337737,0.46184275,2.51E-34
"('Person', 'run', 'finger')",-149.1118469,0.392850185,2.75E-34
"('Person', 'be', 'sorry')",-149.6400163,0.512597552,1.76E-34
"('Person', 'interrupt')",-156.8216265,0.44848714,4.35E-36
"('Person', 'glance')",-158.6298467,0.706290057,2.12E-36
"('Person', 'jump')",-165.4869745,0.615854223,6.35E-38
"('Person', 'feel', 'hand')",-165.8803169,0.311142787,4.40E-38
"('Person', 'hate')",-168.2344167,0.558017864,1.84E-38
"('Person', 'collapse')",-168.3896502,0.360305536,1.31E-38
"('Person', 'nod', 'head')",-171.0828933,0.318397553,3.53E-39
"('Person', 'promise')",-171.929755,0.612289633,2.40E-39
"('Person', 'push', 'hand')",-173.0672795,0,1.97E-39
"('Person', 'run', 'tongue')",-173.0672795,0,1.97E-39
"('Person', 'take', 'advantage')",-173.0672795,0,1.97E-39
"('Person', 'shove', 'hand')",-173.0672795,0,1.97E-39
"('Person', 'blame', 'he')",-173.0672795,0,1.97E-39
"('Person', 'have', 'moment')",-173.0672795,0,1.97E-39
"('Person', 'give', 'squeeze')",-174.3074603,0,1.00E-39
"('Person', 'feel', 'warmth')",-174.3074603,0,1.00E-39
"('Person', 'greet', 'he')",-174.3074603,0,1.00E-39
"('Person', 'stop', 'he')",-174.3074603,0,1.00E-39
"('Person', 'roll')",-174.6959665,0.514118614,5.72E-40
"('Person', 'wriggle')",-175.5476888,0,5.12E-40
"('Person', 'ruffle', 'hair')",-175.5476888,0,5.12E-40
"('Person', 'pipe')",-175.5476888,0,5.12E-40
"('Person', 'wrinkle', 'nose')",-176.7879645,0,2.62E-40
"('Person', 'hate', 'you')",-176.7879645,0,2.62E-40
"('Person', 'be', 'gay')",-178.0282866,0,1.34E-40
"('Person', 'pull', 'face')",-178.0282866,0,1.34E-40
"('Person', 'be', 'easy')",-178.0282866,0,1.34E-40
"('Person', 'remain', 'silent')",-178.0282866,0,1.34E-40
"('Person', 'be', 'great')",-178.0282866,0,1.34E-40
"('Person', 'stalk')",-179.2686545,0,6.92E-41
"('Person', 'break', 'silence')",-179.2686545,0,6.92E-41
"('Person', 'accuse')",-179.2686545,0,6.92E-41
"('Person', 'push', 'finger')",-181.7495253,0,1.85E-41
"('Person', 'give', 'sigh')",-181.7495253,0,1.85E-41
"('Person', 'slam', 'door')",-181.7495253,0,1.85E-41
"('Person', 'press')",-181.8787511,0.451761449,1.66E-41
"('Person', 'spot')",-182.9900271,0,9.59E-42
"('Person', 'hurt', 'you')",-182.9900271,0,9.59E-42
"('Person', 'inform', 'he')",-182.9900271,0,9.59E-42
"('Person', 'be', 'honest')",-182.9900271,0,9.59E-42
"('Person', 'figure', 'it')",-182.9900271,0,9.59E-42
"('Person', 'be', 'comfortable')",-182.9900271,0,9.59E-42
"('Person', 'open', 'eye')",-183.2927662,0.550043035,7.64E-42
"('Person', 'grab', 'he')",-184.2305723,0,4.99E-42
"('Person', 'slip', 'finger')",-185.4711604,0,2.60E-42
"('Person', 'feel', 'heart')",-185.4711604,0,2.60E-42
"('Person', 'deserve', 'it')",-185.4711604,0,2.60E-42
"('Person', 'need', 'he')",-185.4711604,0,2.60E-42
"('Person', 'see', 'way')",-185.4711604,0,2.60E-42
"('Person', 'perk')",-186.7117908,0,1.36E-42
"('Person', 'debate')",-186.7117908,0,1.36E-42
"('Person', 'still')",-189.1931765,0,3.73E-43
"('Person', 'be', 'he')",-189.1931765,0,3.73E-43
"('Person', 'inform')",-190.4339306,0,1.96E-43
"('Person', 'be', 'taller')",-190.4339306,0,1.96E-43
"('Person', 'be', 'serious')",-190.4339306,0,1.96E-43
"('Person', 'lock', 'eye')",-191.674725,0,1.03E-43
"('Person', 'make', 'sure')",-191.674725,0,1.03E-43
"('Person', 'writhe')",-191.674725,0,1.03E-43
"('Person', 'have', 'crush')",-191.674725,0,1.03E-43
"('Person', 'catch', 'Person')",-192.915559,0,5.44E-44
"('Person', 'slur')",-192.915559,0,5.44E-44
"('Person', 'spread', 'leg')",-194.1564323,0,2.87E-44
"('Person', 'sneak')",-194.1564323,0,2.87E-44
"('Person', 'strip')",-194.1564323,0,2.87E-44
"('Person', 'gon')",-194.5365973,0.314720075,2.79E-44
"('Person', 'pull', 'shirt')",-195.3973443,0,1.52E-44
"('Person', 'peek')",-195.3973443,0,1.52E-44
"('Person', 'want', 'that')",-195.3973443,0,1.52E-44
"('Person', 'heave', 'sigh')",-195.3973443,0,1.52E-44
"('Person', 'remove', 'hand')",-196.6382945,0,8.05E-45
"('Person', 'plop')",-196.6382945,0,8.05E-45
"('Person', 'wink')",-197.1697723,0.393395528,7.26E-45
"('Person', 'look', 'he')",-197.8792825,0,4.27E-45
"('Person', 'chide')",-197.8792825,0,4.27E-45
"('Person', 'help', 'he')",-197.8792825,0,4.27E-45
"('Person', 'kiss', 'forehead')",-197.8792825,0,4.27E-45
"('Person', 'share', 'look')",-197.8792825,0,4.27E-45
"('Person', 'enjoy', 'it')",-199.1203078,0,2.26E-45
"('Person', 'give', 'kiss')",-199.1203078,0,2.26E-45
"('Person', 'lead', 'they')",-199.1203078,0,2.26E-45
"('Person', 'stroke')",-199.1203078,0,2.26E-45
"('Person', 'want', 'more')",-200.36137,0,1.20E-45
"('Person', 'fiddle')",-200.36137,0,1.20E-45
"('Person', 'have', 'arm')",-200.36137,0,1.20E-45
"('Person', 'ponder')",-200.36137,0,1.20E-45
"('Person', 'squirm')",-200.9797819,0.264415278,8.69E-46
"('Person', 'shiver')",-200.9811713,0.408869202,9.50E-46
"('Person', 'turn', 'eye')",-201.6024686,0,6.39E-46
"('Person', 'lower', 'head')",-204.0847733,0,1.81E-46
"('Person', 'let', 'he')",-204.0847733,0,1.81E-46
"('Person', 'throw', 'himself')",-204.0847733,0,1.81E-46
"('Person', 'breathe', 'sigh')",-205.3259786,0,9.65E-47
"('Person', 'relent')",-206.5672185,0,5.15E-47
"('Person', 'opt')",-206.5672185,0,5.15E-47
"('Person', 'wipe', 'tear')",-207.8084929,0,2.75E-47
"('Person', 'place', 'kiss')",-207.8084929,0,2.75E-47
"('Person', 'give', 'look')",-208.2980244,0.519933202,2.70E-47
"('Person', 'clutch')",-209.0498011,0,1.47E-47
"('Person', 'ramble')",-209.0498011,0,1.47E-47
"('Person', 'laugh', 'little')",-209.0498011,0,1.47E-47
"('Person', 'be', 'about')",-209.0498011,0,1.47E-47
"('Person', 'admit', 'it')",-209.0498011,0,1.47E-47
"('Person', 'take', 'moment')",-209.2819243,0.280209989,1.42E-47
"('Person', 'lunge')",-211.5325178,0,7.93E-48
"('Person', 'shove')",-211.5325178,0,7.93E-48
"('Person', 'be', 'half')",-211.5325178,0,7.93E-48
"('Person', 'hug', 'he')",-211.5325178,0,7.93E-48
"('Person', 'love')",-211.6934616,0.593937182,5.98E-48
"('Person', 'oblige')",-212.7739254,0,4.04E-48
"('Person', 'get', 'chance')",-212.7739254,0,4.04E-48
"('Person', 'ignore', 'it')",-212.7739254,0,4.04E-48
"('Person', 'trip')",-215.2568376,0,1.05E-48
"('Person', 'screech')",-215.2568376,0,1.05E-48
"('Person', 'spend', 'rest')",-216.4983413,0,5.41E-49
"('Person', 'cut', 'he')",-216.4983413,0,5.41E-49
"('Person', 'be', 'human')",-217.7398764,0,2.78E-49
"('Person', 'storm')",-218.9814425,0,1.44E-49
"('Person', 'bring', 'himself')",-218.9814425,0,1.44E-49
"('Person', 'rock')",-218.9814425,0,1.44E-49
"('Person', 'hurt')",-218.9814425,0,1.44E-49
"('Person', 'drop', 'head')",-218.9814425,0,1.44E-49
"('Person', 'blurt')",-220.2110615,0.326169233,6.05E-50
"('Person', 'feel', 'breath')",-220.2230391,0,7.44E-50
"('Person', 'press', 'finger')",-220.2230391,0,7.44E-50
"('Person', 'pull', 'she')",-220.2230391,0,7.44E-50
"('Person', 'skate')",-220.2230391,0,7.44E-50
"('Person', 'grunt')",-220.2360051,0.327655152,7.48E-50
"('Person', 'grab', 'wrist')",-221.4646661,0,3.86E-50
"('Person', 'have', 'fun')",-221.4646661,0,3.86E-50
"('Person', 'offer', 'smile')",-222.706323,0,2.01E-50
"('Person', 'arch')",-222.706323,0,2.01E-50
"('Person', 'roll', 'hip')",-223.9480096,0,1.05E-50
"('Person', 'use', 'hand')",-223.9480096,0,1.05E-50
"('Person', 'stop', 'himself')",-223.9480096,0,1.05E-50
"('Person', 'tighten', 'grip')",-225.1897255,0,5.47E-51
"('Person', 'make', 'move')",-225.1897255,0,5.47E-51
"('Person', 'need')",-227.5458523,0.737895402,2.03E-51
"('Person', 'flash', 'smile')",-227.6732439,0,1.50E-51
"('Person', 'be', 'mess')",-227.6732439,0,1.50E-51
"('Person', 'want', 'nothing')",-228.9150459,0,7.89E-52
"('Person', 'meet', 'gaze')",-230.1568759,0,4.15E-52
"('Person', 'snuggle')",-230.1568759,0,4.15E-52
"('Person', 'clench')",-230.1568759,0,4.15E-52
"('Person', 'hate', 'he')",-230.1568759,0,4.15E-52
"('Person', 'let', 'Person')",-230.1568759,0,4.15E-52
"('Person', 'chime')",-230.1568759,0,4.15E-52
"('Person', 'swear')",-231.2491132,0.520984342,3.22E-52
"('Person', 'shove', 'Person')",-231.3987338,0,2.19E-52
"('Person', 'place', 'hand')",-231.6551772,0.373860631,2.69E-52
"('Person', 'drag', 'Person')",-232.6406191,0,1.16E-52
"('Person', 'keep', 'hand')",-232.6406191,0,1.16E-52
"('Person', 'resist', 'urge')",-233.8825317,0,6.12E-53
"('Person', 'melt')",-235.1244712,0,3.24E-53
"('Person', 'have', 'smile')",-235.1244712,0,3.24E-53
"('Person', 'kiss', 'you')",-235.1244712,0,3.24E-53
"('Person', 'cackle')",-235.1244712,0,3.24E-53
"('Person', 'slam')",-236.3664374,0,1.72E-53
"('Person', 'deadpan')",-236.3664374,0,1.72E-53
"('Person', 'take', 'that')",-236.3664374,0,1.72E-53
"('Person', 'remind', 'himself')",-240.0924931,0,2.57E-54
"('Person', 'ask', 'voice')",-240.0924931,0,2.57E-54
"('Person', 'be', 'bad')",-240.0924931,0,2.57E-54
"('Person', 'nuzzle')",-241.3345632,0,1.37E-54
"('Person', 'reason')",-241.3345632,0,1.37E-54
"('Person', 'contemplate')",-242.5766586,0,7.29E-55
"('Person', 'rasp')",-243.8187791,0,3.89E-55
"('Person', 'whirl')",-243.8187791,0,3.89E-55
"('Person', 'sniffle')",-246.3030944,0,1.11E-55
"('Person', 'take', 'opportunity')",-246.3030944,0,1.11E-55
"('Person', 'want', 'this')",-246.3030944,0,1.11E-55
"('Person', 'slide', 'finger')",-246.3030944,0,1.11E-55
"('Person', 'be', 'gorgeous')",-248.7875071,0,3.15E-56
"('Person', 'demand')",-249.4183491,0.469452447,2.89E-56
"('Person', 'hug', 'Person')",-250.0297494,0,3.21E-56
"('Person', 'flirt')",-250.0297494,0,3.21E-56
"('Person', 'decide')",-250.5901662,0.694359685,1.82E-56
"('Person', 'get', 'you')",-251.2720153,0,1.63E-56
"('Person', 'end')",-252.7405415,0.47140916,5.12E-57
"('Person', 'date')",-253.7566171,0,4.26E-57
"('Person', 'splutter')",-253.7566171,0,4.26E-57
"('Person', 'have', 'clue')",-253.7566171,0,4.26E-57
"('Person', 'push', 'Person')",-254.2288256,0.263262776,2.34E-57
"('Person', 'rub', 'back')",-254.9989526,0,2.19E-57
"('Person', 'like', 'you')",-257.4836916,0,5.81E-58
"('Person', 'be', 'content')",-257.4836916,0,5.81E-58
"('Person', 'throw', 'hand')",-258.7260946,0,3.00E-58
"('Person', 'give', 'grin')",-258.7260946,0,3.00E-58
"('Person', 'blink', 'time')",-259.9685198,0,1.56E-58
"('Person', 'kiss', 'cheek')",-259.9685198,0,1.56E-58
"('Person', 'rest', 'hand')",-259.9685198,0,1.56E-58
"('Person', 'rub', 'hand')",-259.9685198,0,1.56E-58
"('Person', 'close', 'eye')",-260.7011905,0.597703941,1.16E-58
"('Person', 'throw', 'arm')",-261.2109669,0,8.10E-59
"('Person', 'obey')",-263.695926,0,2.21E-59
"('Person', 'nip')",-263.695926,0,2.21E-59
"('Person', 'smile', 'little')",-264.9384376,0,1.15E-59
"('Person', 'flush')",-268.1165233,0.231065222,2.24E-60
"('Person', 'love', 'you')",-268.2579526,0.441041996,2.38E-60
"('Person', 'grit', 'tooth')",-268.6660984,0,1.68E-60
"('Person', 'make', 'way')",-269.4756606,0.457075881,1.46E-60
"('Person', 'be', 'type')",-269.9086933,0,8.83E-61
"('Person', 'cross', 'arm')",-273.8594705,0.276273294,1.17E-61
"('Person', 'startle')",-274.8792746,0,6.92E-62
"('Person', 'calm')",-276.1219695,0,3.67E-62
"('Person', 'shrug', 'shoulder')",-277.3646838,0,1.95E-62
"('Person', 'wince')",-280.9991767,0.352779312,3.45E-63
"('Person', 'bounce')",-281.092942,0,2.94E-63
"('Person', 'press', 'hand')",-281.092942,0,2.94E-63
"('Person', 'be', 'perfect')",-282.3357325,0,1.57E-63
"('Person', 'pull', 'finger')",-282.3357325,0,1.57E-63
"('Person', 'deny')",-283.5785417,0,8.35E-64
"('Person', 'instruct')",-283.5785417,0,8.35E-64
"('Person', 'scold')",-284.8213694,0,4.46E-64
"('Person', 'pull', 'himself')",-284.8213694,0,4.46E-64
"('Person', 'thrust')",-287.3070795,0,1.27E-64
"('Person', 'be', 'hot')",-292.2787147,0,1.73E-65
"('Person', 'be', 'thankful')",-292.2787147,0,1.73E-65
"('Person', 'feel', 'eye')",-294.7646373,0,4.57E-66
"('Person', 'interject')",-294.7646373,0,4.57E-66
"('Person', 'clarify')",-296.0076244,0,2.36E-66
"('Person', 'hold', 'he')",-296.0076244,0,2.36E-66
"('Person', 'finish')",-297.0881845,0.463419739,1.37E-66
"('Person', 'wrap', 'hand')",-297.2506285,0,1.22E-66
"('Person', 'fidget')",-297.2506285,0,1.22E-66
"('Person', 'slip', 'hand')",-298.4936495,0,6.31E-67
"('Person', 'stick', 'tongue')",-299.7366871,0,3.28E-67
"('Person', 'turn', 'head')",-300.5973639,0.392499977,2.19E-67
"('Person', 'drop', 'hand')",-302.2228121,0,8.92E-68
"('Person', 'grab', 'hand')",-303.0261752,0.221390791,5.21E-68
"('Person', 'chirp')",-303.465899,0,4.67E-68
"('Person', 'be', 'warm')",-307.1952566,0,6.77E-69
"('Person', 'cock')",-308.4384075,0,3.57E-69
"('Person', 'be', 'confused')",-309.6815741,0,1.88E-69
"('Person', 'huff', 'laugh')",-310.9247563,0,9.96E-70
"('Person', 'cheer')",-312.1679539,0,5.27E-70
"('Person', 'shudder')",-313.2278535,0.312421457,4.01E-70
"('Person', 'continue')",-313.9951246,0.645884375,2.50E-70
"('Person', 'purse', 'lip')",-315.897638,0,7.87E-71
"('Person', 'feel')",-317.5141787,0.811376241,4.96E-71
"('Person', 'clear', 'throat')",-317.7441303,0.43840457,4.14E-71
"('Person', 'rest', 'head')",-320.870759,0,6.31E-72
"('Person', 'feel', 'heat')",-324.6007525,0,9.58E-73
"('Person', 'furrow', 'brow')",-327.0874859,0,5.34E-73
"('Person', 'kiss', 'Person')",-331.0751054,0.223283693,4.61E-74
"('Person', 'sputter')",-332.0611195,0,3.62E-74
"('Person', 'try', 'best')",-332.0611195,0,3.62E-74
"('Person', 'beam')",-335.1931081,0.258850775,6.15E-75
"('Person', 'quip')",-335.7914874,0,4.95E-75
"('Person', 'grind')",-339.5219747,0,6.93E-76
"('Person', 'be', 'cute')",-343.2525788,0,9.91E-77
"('Person', 'croak')",-343.2525788,0,9.91E-77
"('Person', 'prompt')",-344.4961391,0,5.21E-77
"('Person', 'move', 'hand')",-346.311496,0.217861014,2.43E-77
"('Person', 'reach')",-350.9557013,0.668588449,2.26E-78
"('Person', 'tense')",-355.6887386,0,1.69E-79
"('Person', 'squeal')",-358.1761154,0,4.78E-80
"('Person', 'squeak')",-365.6385238,0,1.10E-81
"('Person', 'duck', 'head')",-369.3698805,0,2.88E-82
"('Person', 'jerk')",-378.0767613,0,2.82E-84
"('Person', 'muse')",-379.469412,0.212296284,1.28E-84
"('Person', 'be', 'panting')",-380.5645372,0,7.67E-85
"('Person', 'comply')",-385.5402128,0,5.84E-86
"('Person', 'counter')",-388.0281116,0,1.63E-86
"('Person', 'command')",-389.272076,0,8.61E-87
"('Person', 'flop')",-389.272076,0,8.61E-87
"('Person', 'waste', 'time')",-390.5160503,0,4.56E-87
"('Person', 'push', 'he')",-391.7600345,0,2.42E-87
"('Person', 'break', 'kiss')",-391.7600345,0,2.42E-87
"('Person', 'scoot')",-393.0040285,0,1.28E-87
"('Person', 'cringe')",-397.9801012,0,1.03E-88
"('Person', 'let', 'laugh')",-404.2004054,0,4.44E-90
"('Person', 'pull', 'phone')",-414.1533686,0,4.25E-92
"('Person', 'bite')",-418.6606745,0.220512049,3.39E-93
"('Person', 'throw', 'head')",-421.6184615,0,8.55E-94
"('Person', 'kiss', 'he')",-424.212748,0.222584685,2.61E-94
"('Person', 'narrow', 'eye')",-426.8088326,0.199490261,7.29E-95
"('Person', 'make', 'noise')",-429.1405119,0.256865525,1.88E-95
"('Person', 'give', 'smile')",-437.7747837,0.316475619,3.14E-97
"('Person', 'yell')",-439.5786318,0.492703218,1.37E-97
"('Person', 'be', 'hard')",-440.2825073,0,6.28E-98
"('Person', 'bury', 'face')",-451.4817859,0,3.36E-100
"('Person', 'taste')",-453.970597,0,8.98E-101
"('Person', 'raise', 'brow')",-455.2150136,0,4.67E-101
"('Person', 'push', 'himself')",-457.7038687,0,1.27E-101
"('Person', 'run', 'hand')",-461.5311591,0.285465004,1.75E-102
"('Person', 'yelp')",-493.7953629,0,1.90E-109
"('Person', 'help')",-493.8049418,0.548786149,1.78E-109
"('Person', 'snarl')",-503.7525908,0,1.08E-111
"('Person', 'coo')",-519.9338956,0,2.91E-115
"('Person', 'snicker')",-521.1786514,0,1.56E-115
"('Person', 'suck')",-528.2062149,0.208630115,6.06E-117
"('Person', 'choke')",-528.7724322,0.17361698,4.00E-117
"('Person', 'comment')",-529.2727867,0.189750796,3.58E-117
"('Person', 'freeze')",-530.0053692,0.265079972,1.93E-117
"('Person', 'scowl')",-538.1621415,0.205191455,4.08E-119
"('Person', 'kiss')",-541.9674397,0.318880177,6.53E-120
"('Person', 'open', 'mouth')",-545.4812774,0.301817535,8.49E-121
"('Person', 'drawl')",-549.8095261,0,9.66E-122
"('Person', 'press', 'lip')",-553.5441902,0,1.45E-122
"('Person', 'lick')",-558.5238117,0,1.17E-123
"('Person', 'sneer')",-564.7484482,0,8.80E-125
"('Person', 'stutter')",-569.7282434,0,6.14E-126
"('Person', 'gape')",-575.9530927,0,2.34E-127
"('Person', 'greet')",-577.1980764,0,1.22E-127
"('Person', 'let')",-577.9440067,0.611236929,9.50E-128
"('Person', 'shift')",-579.5832737,0.301604332,3.74E-128
"('Person', 'pull', 'Person')",-598.0060106,0.203819772,3.00E-132
"('Person', 'press', 'kiss')",-599.6085463,0,1.35E-132
"('Person', 'pull', 'he')",-599.6085463,0,1.35E-132
"('Person', 'let', 'breath')",-627.0009775,0,1.58E-138
"('Person', 'swallow')",-629.1383107,0.295117026,7.46E-139
"('Person', 'bring', 'hand')",-641.9431066,0,1.50E-141
"('Person', 'tilt', 'head')",-655.2974687,0.199417929,1.14E-144
"('Person', 'admit')",-656.698628,0.385857427,7.05E-145
"('Person', 'slide', 'hand')",-671.8289425,0,2.72E-148
"('Person', 'gulp')",-730.3608816,0,6.48E-161
"('Person', 'start')",-744.2037498,0.619790067,6.98E-164
"('Person', 'take', 'breath')",-747.7325055,0.394471809,1.00E-164
"('Person', 'let', 'sigh')",-760.2520497,0,2.75E-167
"('Person', 'respond')",-760.715449,0.344968786,1.41E-167
"('Person', 'trail')",-776.4437458,0,5.46E-171
"('Person', 'retort')",-802.600465,0,1.53E-176
"('Person', 'giggle')",-812.7929493,0.211107391,6.49E-179
"('Person', 'shrug')",-814.3056967,0.521896389,3.80E-179
"('Person', 'wrap', 'arm')",-821.7449442,0.147138664,9.78E-181
"('Person', 'pant')",-823.7757267,0,2.57E-181
"('Person', 'grumble')",-856.1198548,0.112446414,2.85E-188
"('Person', 'purr')",-883.5681371,0,3.54E-194
"('Person', 'laugh')",-891.141977,0.632567964,7.47E-196
"('Person', 'lean')",-900.8771581,0.557787968,5.49E-198
"('Person', 'pout')",-901.0084764,0,4.21E-198
"('Person', 'glare')",-942.2536889,0.221457759,4.86E-207
"('Person', 'manage')",-987.4065103,0.391590548,8.81E-217
"('Person', 'be', 'sure')",-998.4754705,0.49479491,3.38E-219
"('Person', 'exclaim')",-1024.277948,0.215595578,8.72E-225
"('Person', 'whimper')",-1031.82202,0,1.45E-226
"('Person', 'snap')",-1043.921597,0.253096572,3.58E-229
"('Person', 'hiss')",-1125.817321,0.177556172,6.09E-247
"('Person', 'scoff')",-1143.444413,0.102349176,8.30E-251
"('Person', 'question')",-1161.405695,0,1.35E-254
"('Person', 'breathe')",-1204.45009,0.307147327,4.94E-264
"('Person', 'pull')",-1210.496986,0.402292569,2.63E-265
"('Person', 'blush')",-1247.052767,0.175208066,3.85E-273
"('Person', 'raise', 'eyebrow')",-1261.15389,0.214777286,2.14E-276
"('Person', 'murmur')",-1333.851392,0.232441149,4.71E-292
"('Person', 'lick', 'lip')",-1383.221002,0,6.25E-303
"('Person', 'bite', 'lip')",-1451.84899,0.114304839,7.61175e-318
"('Person', 'whisper')",-1672.408975,0.429743545,0
"('Person', 'blink')",-1714.085256,0.251247878,0
"('Person', 'frown')",-1731.321756,0.261935011,0
"('Person', 'mumble')",-1774.761116,0.150236497,0
"('Person', 'nod')",-1807.010417,0.557762127,0
"('Person', 'tease')",-1868.05747,0,0
"('Person', 'snort')",-1904.806562,0.153321393,0
"('Person', 'ask')",-1969.208452,0.69203101,0
"('Person', 'gasp')",-2016.794401,0.150894368,0
"('Person', 'hum')",-2032.260324,0.058025762,0
"('Person', 'state')",-2121.100481,0,0
"('Person', 'whine')",-2142.292003,0,0
"('Person', 'mutter')",-2162.273389,0.185560355,0
"('Person', 'growl')",-2165.525322,0.06558169,0
"('Person', 'huff')",-2487.602372,0,0
"('Person', 'grin')",-2534.294867,0.199096838,0
"('Person', 'reply')",-2704.484848,0.3362089,0
"('Person', 'chuckle')",-3097.515335,0.140224603,0
"('Person', 'moan')",-3362.30999,0.058645623,0
"('Person', 'groan')",-4185.107204,0.075011912,0
"('Person', 'roll', 'eye')",-4212.302046,0.088743753,0
"('Person', 'smirk')",-4265.211789,0.040855392,0
"('Person', 'smile')",-4320.175085,0.422978611,0
"('Person', 'sigh')",-6294.631305,0.211471081,0
"('Person', 'have')",-22377.94458,0.024731596,0